{
    "name": "canvas_draw_line",
    "description": "Draw a straight line on the canvas",
    "parameters": {
        "type": "object",
        "properties": {
            "object_uri": {
                "type": "string"
            },
            "start_x": {
                "type": "integer"
            },
            "start_y": {
                "type": "integer"
            },
            "end_x": {
                "type": "integer"
            },
            "end_y": {
                "type": "integer"
            },
            "color": {
                "type": "string"
            },
            "width": {
                "type": "integer"
            }
        },
        "required": [
            "object_uri",
            "start_x",
            "start_y",
            "end_x",
            "end_y",
            "color",
            "width"
        ]
    }
}