{
    "name": "canvas_draw_text",
    "description": "Render text on the canvas",
    "parameters": {
        "type": "object",
        "properties": {
            "object_uri": {
                "type": "string"
            },
            "text": {
                "type": "string"
            },
            "x": {
                "type": "integer"
            },
            "y": {
                "type": "integer"
            },
            "font": {
                "type": "string"
            },
            "size": {
                "type": "integer"
            },
            "color": {
                "type": "string"
            }
        },
        "required": [
            "object_uri",
            "text",
            "x",
            "y",
            "font",
            "size",
            "color"
        ]
    }
}