{
    "name": "canvas_graph_bar",
    "description": "Draw a bar chart on the canvas",
    "parameters": {
        "type": "object",
        "properties": {
            "object_uri": {
                "type": "string"
            },
            "data": {
                "type": "array",
                "items": {
                    "type": "object",
                    "properties": {
                        "label": {
                            "type": "string"
                        },
                        "value": {
                            "type": "number"
                        }
                    },
                    "required": [
                        "label",
                        "value"
                    ]
                }
            },
            "position": {
                "type": "string"
            },
            "colors": {
                "type": "array",
                "items": {
                    "type": "string"
                }
            }
        },
        "required": [
            "object_uri",
            "data"
        ]
    }
}